{"allContent":{"docusaurus-plugin-content-docs":{"default":{"loadedVersions":[{"versionName":"current","label":"Next","banner":null,"badge":false,"noIndex":false,"className":"docs-version-current","path":"/docs","tagsPath":"/docs/tags","isLast":true,"routePriority":-1,"sidebarFilePath":"C:\\docusaurus\\proyecto-manualUsuario\\sidebars.js","contentPath":"C:\\docusaurus\\proyecto-manualUsuario\\docs","docs":[{"id":"funcionalidades/inicio-sesion","title":"Iniciar Sesión en EmpleaTec","description":"Esta guía te mostrará cómo acceder a tu cuenta de EmpleaTec desde la plataforma web y la aplicación móvil.","source":"@site/docs/funcionalidades/inicio-sesion.md","sourceDirName":"funcionalidades","slug":"/funcionalidades/inicio-sesion","permalink":"/docs/funcionalidades/inicio-sesion","draft":false,"unlisted":false,"tags":[],"version":"current","frontMatter":{},"sidebar":"manualUsuarioSidebar","previous":{"title":"Cómo Registrarse en EmpleaTec","permalink":"/docs/funcionalidades/registro"},"next":{"title":"Recuperar Contraseña en EmpleaTec","permalink":"/docs/funcionalidades/recuperar-contraseña"}},{"id":"funcionalidades/recuperar-contraseña","title":"Recuperar Contraseña en EmpleaTec","description":"Si olvidaste tu contraseña, no te preocupes. Esta guía te mostrará cómo recuperar el acceso a tu cuenta de forma segura.","source":"@site/docs/funcionalidades/recuperar-contraseña.md","sourceDirName":"funcionalidades","slug":"/funcionalidades/recuperar-contraseña","permalink":"/docs/funcionalidades/recuperar-contraseña","draft":false,"unlisted":false,"tags":[],"version":"current","frontMatter":{},"sidebar":"manualUsuarioSidebar","previous":{"title":"Iniciar Sesión en EmpleaTec","permalink":"/docs/funcionalidades/inicio-sesion"}},{"id":"funcionalidades/registro","title":"Cómo Registrarse en EmpleaTec","description":"Esta guía te mostrará paso a paso cómo crear tu cuenta en EmpleaTec, ya sea como graduado buscando empleo o como empresa buscando talento.","source":"@site/docs/funcionalidades/registro.md","sourceDirName":"funcionalidades","slug":"/funcionalidades/registro","permalink":"/docs/funcionalidades/registro","draft":false,"unlisted":false,"tags":[],"version":"current","frontMatter":{},"sidebar":"manualUsuarioSidebar","previous":{"title":"Perfil de Usuario (Graduado)","permalink":"/docs/perfiles/perfil-usuario"},"next":{"title":"Iniciar Sesión en EmpleaTec","permalink":"/docs/funcionalidades/inicio-sesion"}},{"id":"intro","title":"Tutorial Intro","description":"Let's discover Docusaurus in less than 5 minutes.","source":"@site/docs/intro.md","sourceDirName":".","slug":"/intro","permalink":"/docs/intro","draft":false,"unlisted":false,"tags":[],"version":"current","sidebarPosition":1,"frontMatter":{"sidebar_position":1},"sidebar":"manualUsuarioSidebar","next":{"title":"Perfil Público","permalink":"/docs/perfiles/perfil-publico"}},{"id":"Introduccion/ingreso-sistema","title":"Ingreso al Sistema","description":"Esta sección te guiará paso a paso para acceder a la plataforma y comenzar a utilizarla.","source":"@site/docs/Introduccion/ingreso-sistema.md","sourceDirName":"Introduccion","slug":"/Introduccion/ingreso-sistema","permalink":"/docs/Introduccion/ingreso-sistema","draft":false,"unlisted":false,"tags":[],"version":"current","sidebarPosition":3,"frontMatter":{"sidebar_position":3,"title":"Ingreso al Sistema"},"sidebar":"manualTecnicoSidebar","previous":{"title":"Requisitos de Acceso","permalink":"/docs/Introduccion/requisitos-acceso"}},{"id":"Introduccion/intro","title":"Bienvenido a EmpleaTec","description":"¡Bienvenido al manual de usuario de EmpleaTec! Esta guía te ayudará a aprovechar al máximo nuestra plataforma de bolsa de empleo.","source":"@site/docs/Introduccion/intro.md","sourceDirName":"Introduccion","slug":"/Introduccion/intro","permalink":"/docs/Introduccion/intro","draft":false,"unlisted":false,"tags":[],"version":"current","frontMatter":{},"sidebar":"manualTecnicoSidebar","next":{"title":"Requisitos de Acceso","permalink":"/docs/Introduccion/requisitos-acceso"}},{"id":"Introduccion/requisitos-acceso","title":"Requisitos de Acceso","description":"Para utilizar la plataforma de manera óptima y sin interrupciones, asegúrate de cumplir con los siguientes requisitos técnicos.","source":"@site/docs/Introduccion/requisitos-acceso.md","sourceDirName":"Introduccion","slug":"/Introduccion/requisitos-acceso","permalink":"/docs/Introduccion/requisitos-acceso","draft":false,"unlisted":false,"tags":[],"version":"current","sidebarPosition":2,"frontMatter":{"sidebar_position":2,"title":"Requisitos de Acceso"},"sidebar":"manualTecnicoSidebar","previous":{"title":"Bienvenido a EmpleaTec","permalink":"/docs/Introduccion/intro"},"next":{"title":"Ingreso al Sistema","permalink":"/docs/Introduccion/ingreso-sistema"}},{"id":"perfiles/perfil-empresa","title":"Perfil de Empresa","description":"El perfil de empresa está diseñado para organizaciones que desean utilizar la plataforma para gestionar sus necesidades y conectar con usuarios calificados.","source":"@site/docs/perfiles/perfil-empresa.md","sourceDirName":"perfiles","slug":"/perfiles/perfil-empresa","permalink":"/docs/perfiles/perfil-empresa","draft":false,"unlisted":false,"tags":[],"version":"current","sidebarPosition":2,"frontMatter":{"sidebar_position":2,"title":"Perfil de Empresa"},"sidebar":"manualUsuarioSidebar","previous":{"title":"Perfil Público","permalink":"/docs/perfiles/perfil-publico"},"next":{"title":"Perfil de Usuario (Graduado)","permalink":"/docs/perfiles/perfil-usuario"}},{"id":"perfiles/perfil-publico","title":"Perfil Público","description":"El perfil público es accesible sin necesidad de iniciar sesión y permite conocer información básica sobre la plataforma y las entidades que se encuentran registradas en ella.","source":"@site/docs/perfiles/perfil-publico.md","sourceDirName":"perfiles","slug":"/perfiles/perfil-publico","permalink":"/docs/perfiles/perfil-publico","draft":false,"unlisted":false,"tags":[],"version":"current","sidebarPosition":1,"frontMatter":{"sidebar_position":1,"title":"Perfil Público"},"sidebar":"manualUsuarioSidebar","previous":{"title":"Tutorial Intro","permalink":"/docs/intro"},"next":{"title":"Perfil de Empresa","permalink":"/docs/perfiles/perfil-empresa"}},{"id":"perfiles/perfil-usuario","title":"Perfil de Usuario (Graduado)","description":"El Perfil de Usuario es para graduados del Instituto Nelson Torres que buscan oportunidades laborales. Este perfil te permite postularte a ofertas, crear tu perfil profesional y ser encontrado por empresas.","source":"@site/docs/perfiles/perfil-usuario.md","sourceDirName":"perfiles","slug":"/perfiles/perfil-usuario","permalink":"/docs/perfiles/perfil-usuario","draft":false,"unlisted":false,"tags":[],"version":"current","frontMatter":{},"sidebar":"manualUsuarioSidebar","previous":{"title":"Perfil de Empresa","permalink":"/docs/perfiles/perfil-empresa"},"next":{"title":"Cómo Registrarse en EmpleaTec","permalink":"/docs/funcionalidades/registro"}},{"id":"tutorial-basics/congratulations","title":"Congratulations!","description":"You have just learned the basics of Docusaurus and made some changes to the initial template.","source":"@site/docs/tutorial-basics/congratulations.md","sourceDirName":"tutorial-basics","slug":"/tutorial-basics/congratulations","permalink":"/docs/tutorial-basics/congratulations","draft":false,"unlisted":false,"tags":[],"version":"current","sidebarPosition":6,"frontMatter":{"sidebar_position":6},"sidebar":"tutorialSidebar","previous":{"title":"Deploy your site","permalink":"/docs/tutorial-basics/deploy-your-site"}},{"id":"tutorial-basics/create-a-blog-post","title":"Create a Blog Post","description":"Docusaurus creates a page for each blog post, but also a blog index page, a tag system, an RSS feed...","source":"@site/docs/tutorial-basics/create-a-blog-post.md","sourceDirName":"tutorial-basics","slug":"/tutorial-basics/create-a-blog-post","permalink":"/docs/tutorial-basics/create-a-blog-post","draft":false,"unlisted":false,"tags":[],"version":"current","sidebarPosition":3,"frontMatter":{"sidebar_position":3},"sidebar":"tutorialSidebar","previous":{"title":"Create a Document","permalink":"/docs/tutorial-basics/create-a-document"},"next":{"title":"Create a Page","permalink":"/docs/tutorial-basics/create-a-page"}},{"id":"tutorial-basics/create-a-document","title":"Create a Document","description":"Documents are groups of pages connected through:","source":"@site/docs/tutorial-basics/create-a-document.md","sourceDirName":"tutorial-basics","slug":"/tutorial-basics/create-a-document","permalink":"/docs/tutorial-basics/create-a-document","draft":false,"unlisted":false,"tags":[],"version":"current","sidebarPosition":2,"frontMatter":{"sidebar_position":2},"sidebar":"tutorialSidebar","next":{"title":"Create a Blog Post","permalink":"/docs/tutorial-basics/create-a-blog-post"}},{"id":"tutorial-basics/create-a-page","title":"Create a Page","description":"Add Markdown or React files to src/pages to create a standalone page:","source":"@site/docs/tutorial-basics/create-a-page.md","sourceDirName":"tutorial-basics","slug":"/tutorial-basics/create-a-page","permalink":"/docs/tutorial-basics/create-a-page","draft":false,"unlisted":false,"tags":[],"version":"current","sidebarPosition":1,"frontMatter":{"sidebar_position":1},"sidebar":"tutorialSidebar","previous":{"title":"Create a Blog Post","permalink":"/docs/tutorial-basics/create-a-blog-post"},"next":{"title":"Markdown Features","permalink":"/docs/tutorial-basics/markdown-features"}},{"id":"tutorial-basics/deploy-your-site","title":"Deploy your site","description":"Docusaurus is a static-site-generator (also called Jamstack).","source":"@site/docs/tutorial-basics/deploy-your-site.md","sourceDirName":"tutorial-basics","slug":"/tutorial-basics/deploy-your-site","permalink":"/docs/tutorial-basics/deploy-your-site","draft":false,"unlisted":false,"tags":[],"version":"current","sidebarPosition":5,"frontMatter":{"sidebar_position":5},"sidebar":"tutorialSidebar","previous":{"title":"Markdown Features","permalink":"/docs/tutorial-basics/markdown-features"},"next":{"title":"Congratulations!","permalink":"/docs/tutorial-basics/congratulations"}},{"id":"tutorial-basics/markdown-features","title":"Markdown Features","description":"Docusaurus supports Markdown and a few additional features.","source":"@site/docs/tutorial-basics/markdown-features.mdx","sourceDirName":"tutorial-basics","slug":"/tutorial-basics/markdown-features","permalink":"/docs/tutorial-basics/markdown-features","draft":false,"unlisted":false,"tags":[],"version":"current","sidebarPosition":4,"frontMatter":{"sidebar_position":4},"sidebar":"tutorialSidebar","previous":{"title":"Create a Page","permalink":"/docs/tutorial-basics/create-a-page"},"next":{"title":"Deploy your site","permalink":"/docs/tutorial-basics/deploy-your-site"}},{"id":"tutorial-extras/manage-docs-versions","title":"Manage Docs Versions","description":"Docusaurus can manage multiple versions of your docs.","source":"@site/docs/tutorial-extras/manage-docs-versions.md","sourceDirName":"tutorial-extras","slug":"/tutorial-extras/manage-docs-versions","permalink":"/docs/tutorial-extras/manage-docs-versions","draft":false,"unlisted":false,"tags":[],"version":"current","sidebarPosition":1,"frontMatter":{"sidebar_position":1}},{"id":"tutorial-extras/translate-your-site","title":"Translate your site","description":"Let's translate docs/intro.md to French.","source":"@site/docs/tutorial-extras/translate-your-site.md","sourceDirName":"tutorial-extras","slug":"/tutorial-extras/translate-your-site","permalink":"/docs/tutorial-extras/translate-your-site","draft":false,"unlisted":false,"tags":[],"version":"current","sidebarPosition":2,"frontMatter":{"sidebar_position":2}}],"drafts":[],"sidebars":{"tutorialSidebar":[{"type":"category","label":"Tutorial","items":[{"type":"doc","id":"tutorial-basics/create-a-document"},{"type":"doc","id":"tutorial-basics/create-a-blog-post"},{"type":"doc","id":"tutorial-basics/create-a-page"},{"type":"doc","id":"tutorial-basics/markdown-features"},{"type":"doc","id":"tutorial-basics/deploy-your-site"},{"type":"doc","id":"tutorial-basics/congratulations"}],"collapsed":true,"collapsible":true}],"manualUsuarioSidebar":[{"type":"doc","id":"intro"},{"type":"category","label":"Perfiles","collapsed":false,"items":[{"type":"doc","id":"perfiles/perfil-publico"},{"type":"doc","id":"perfiles/perfil-empresa"},{"type":"doc","id":"perfiles/perfil-usuario"}],"collapsible":true},{"type":"category","label":"Funcionalidades","collapsed":false,"items":[{"type":"doc","id":"funcionalidades/registro"},{"type":"doc","id":"funcionalidades/inicio-sesion"},{"type":"doc","id":"funcionalidades/recuperar-contraseña"}],"collapsible":true}],"manualTecnicoSidebar":[{"type":"category","label":"Introduccion","items":[{"type":"doc","id":"Introduccion/intro"},{"type":"doc","id":"Introduccion/requisitos-acceso"},{"type":"doc","id":"Introduccion/ingreso-sistema"}],"collapsed":true,"collapsible":true}]}}]}},"docusaurus-plugin-content-blog":{"default":{"blogSidebarTitle":"Recent posts","blogPosts":[{"id":"welcome","metadata":{"permalink":"/blog/welcome","source":"@site/blog/2021-08-26-welcome/index.md","title":"Welcome","description":"Docusaurus blogging features are powered by the blog plugin.","date":"2021-08-26T00:00:00.000Z","tags":[{"inline":false,"label":"Facebook","permalink":"/blog/tags/facebook","description":"Facebook tag description"},{"inline":false,"label":"Hello","permalink":"/blog/tags/hello","description":"Hello tag description"},{"inline":false,"label":"Docusaurus","permalink":"/blog/tags/docusaurus","description":"Docusaurus tag description"}],"readingTime":0.56,"hasTruncateMarker":true,"authors":[{"name":"Sébastien Lorber","title":"Docusaurus maintainer","url":"https://sebastienlorber.com","page":{"permalink":"/blog/authors/all-sebastien-lorber-articles"},"socials":{"x":"https://x.com/sebastienlorber","linkedin":"https://www.linkedin.com/in/sebastienlorber/","github":"https://github.com/slorber","newsletter":"https://thisweekinreact.com"},"imageURL":"https://github.com/slorber.png","key":"slorber"},{"name":"Yangshun Tay","title":"Ex-Meta Staff Engineer, Co-founder GreatFrontEnd","url":"https://linkedin.com/in/yangshun","page":{"permalink":"/blog/authors/yangshun"},"socials":{"x":"https://x.com/yangshunz","linkedin":"https://www.linkedin.com/in/yangshun/","github":"https://github.com/yangshun","newsletter":"https://www.greatfrontend.com"},"imageURL":"https://github.com/yangshun.png","key":"yangshun"}],"frontMatter":{"slug":"welcome","title":"Welcome","authors":["slorber","yangshun"],"tags":["facebook","hello","docusaurus"]},"unlisted":false,"nextItem":{"title":"MDX Blog Post","permalink":"/blog/mdx-blog-post"}},"content":"[Docusaurus blogging features](https://docusaurus.io/docs/blog) are powered by the [blog plugin](https://docusaurus.io/docs/api/plugins/@docusaurus/plugin-content-blog).\n\nHere are a few tips you might find useful.\n\n<!-- truncate -->\n\nSimply add Markdown files (or folders) to the `blog` directory.\n\nRegular blog authors can be added to `authors.yml`.\n\nThe blog post date can be extracted from filenames, such as:\n\n- `2019-05-30-welcome.md`\n- `2019-05-30-welcome/index.md`\n\nA blog post folder can be convenient to co-locate blog post images:\n\n![Docusaurus Plushie](./docusaurus-plushie-banner.jpeg)\n\nThe blog supports tags as well!\n\n**And if you don't want a blog**: just delete this directory, and use `blog: false` in your Docusaurus config."},{"id":"mdx-blog-post","metadata":{"permalink":"/blog/mdx-blog-post","source":"@site/blog/2021-08-01-mdx-blog-post.mdx","title":"MDX Blog Post","description":"Blog posts support Docusaurus Markdown features, such as MDX.","date":"2021-08-01T00:00:00.000Z","tags":[{"inline":false,"label":"Docusaurus","permalink":"/blog/tags/docusaurus","description":"Docusaurus tag description"}],"readingTime":0.27,"hasTruncateMarker":true,"authors":[{"name":"Sébastien Lorber","title":"Docusaurus maintainer","url":"https://sebastienlorber.com","page":{"permalink":"/blog/authors/all-sebastien-lorber-articles"},"socials":{"x":"https://x.com/sebastienlorber","linkedin":"https://www.linkedin.com/in/sebastienlorber/","github":"https://github.com/slorber","newsletter":"https://thisweekinreact.com"},"imageURL":"https://github.com/slorber.png","key":"slorber"}],"frontMatter":{"slug":"mdx-blog-post","title":"MDX Blog Post","authors":["slorber"],"tags":["docusaurus"]},"unlisted":false,"prevItem":{"title":"Welcome","permalink":"/blog/welcome"},"nextItem":{"title":"Long Blog Post","permalink":"/blog/long-blog-post"}},"content":"Blog posts support [Docusaurus Markdown features](https://docusaurus.io/docs/markdown-features), such as [MDX](https://mdxjs.com/).\n\n:::tip\n\nUse the power of React to create interactive blog posts.\n\n:::\n\n{/* truncate */}\n\nFor example, use JSX to create an interactive button:\n\n```js\n<button onClick={() => alert('button clicked!')}>Click me!</button>\n```\n\n<button onClick={() => alert('button clicked!')}>Click me!</button>"},{"id":"long-blog-post","metadata":{"permalink":"/blog/long-blog-post","source":"@site/blog/2019-05-29-long-blog-post.md","title":"Long Blog Post","description":"This is the summary of a very long blog post,","date":"2019-05-29T00:00:00.000Z","tags":[{"inline":false,"label":"Hello","permalink":"/blog/tags/hello","description":"Hello tag description"},{"inline":false,"label":"Docusaurus","permalink":"/blog/tags/docusaurus","description":"Docusaurus tag description"}],"readingTime":2.04,"hasTruncateMarker":true,"authors":[{"name":"Yangshun Tay","title":"Ex-Meta Staff Engineer, Co-founder GreatFrontEnd","url":"https://linkedin.com/in/yangshun","page":{"permalink":"/blog/authors/yangshun"},"socials":{"x":"https://x.com/yangshunz","linkedin":"https://www.linkedin.com/in/yangshun/","github":"https://github.com/yangshun","newsletter":"https://www.greatfrontend.com"},"imageURL":"https://github.com/yangshun.png","key":"yangshun"}],"frontMatter":{"slug":"long-blog-post","title":"Long Blog Post","authors":"yangshun","tags":["hello","docusaurus"]},"unlisted":false,"prevItem":{"title":"MDX Blog Post","permalink":"/blog/mdx-blog-post"},"nextItem":{"title":"First Blog Post","permalink":"/blog/first-blog-post"}},"content":"This is the summary of a very long blog post,\n\nUse a `<!--` `truncate` `-->` comment to limit blog post size in the list view.\n\n<!-- truncate -->\n\nLorem ipsum dolor sit amet, consectetur adipiscing elit. Pellentesque elementum dignissim ultricies. Fusce rhoncus ipsum tempor eros aliquam consequat. Lorem ipsum dolor sit amet\n\nLorem ipsum dolor sit amet, consectetur adipiscing elit. Pellentesque elementum dignissim ultricies. Fusce rhoncus ipsum tempor eros aliquam consequat. Lorem ipsum dolor sit amet\n\nLorem ipsum dolor sit amet, consectetur adipiscing elit. Pellentesque elementum dignissim ultricies. Fusce rhoncus ipsum tempor eros aliquam consequat. Lorem ipsum dolor sit amet\n\nLorem ipsum dolor sit amet, consectetur adipiscing elit. Pellentesque elementum dignissim ultricies. Fusce rhoncus ipsum tempor eros aliquam consequat. Lorem ipsum dolor sit amet\n\nLorem ipsum dolor sit amet, consectetur adipiscing elit. Pellentesque elementum dignissim ultricies. Fusce rhoncus ipsum tempor eros aliquam consequat. Lorem ipsum dolor sit amet\n\nLorem ipsum dolor sit amet, consectetur adipiscing elit. Pellentesque elementum dignissim ultricies. Fusce rhoncus ipsum tempor eros aliquam consequat. Lorem ipsum dolor sit amet\n\nLorem ipsum dolor sit amet, consectetur adipiscing elit. Pellentesque elementum dignissim ultricies. Fusce rhoncus ipsum tempor eros aliquam consequat. Lorem ipsum dolor sit amet\n\nLorem ipsum dolor sit amet, consectetur adipiscing elit. Pellentesque elementum dignissim ultricies. Fusce rhoncus ipsum tempor eros aliquam consequat. Lorem ipsum dolor sit amet\n\nLorem ipsum dolor sit amet, consectetur adipiscing elit. Pellentesque elementum dignissim ultricies. Fusce rhoncus ipsum tempor eros aliquam consequat. Lorem ipsum dolor sit amet\n\nLorem ipsum dolor sit amet, consectetur adipiscing elit. Pellentesque elementum dignissim ultricies. Fusce rhoncus ipsum tempor eros aliquam consequat. Lorem ipsum dolor sit amet\n\nLorem ipsum dolor sit amet, consectetur adipiscing elit. Pellentesque elementum dignissim ultricies. Fusce rhoncus ipsum tempor eros aliquam consequat. Lorem ipsum dolor sit amet\n\nLorem ipsum dolor sit amet, consectetur adipiscing elit. Pellentesque elementum dignissim ultricies. Fusce rhoncus ipsum tempor eros aliquam consequat. Lorem ipsum dolor sit amet\n\nLorem ipsum dolor sit amet, consectetur adipiscing elit. Pellentesque elementum dignissim ultricies. Fusce rhoncus ipsum tempor eros aliquam consequat. Lorem ipsum dolor sit amet\n\nLorem ipsum dolor sit amet, consectetur adipiscing elit. Pellentesque elementum dignissim ultricies. Fusce rhoncus ipsum tempor eros aliquam consequat. Lorem ipsum dolor sit amet\n\nLorem ipsum dolor sit amet, consectetur adipiscing elit. Pellentesque elementum dignissim ultricies. Fusce rhoncus ipsum tempor eros aliquam consequat. Lorem ipsum dolor sit amet\n\nLorem ipsum dolor sit amet, consectetur adipiscing elit. Pellentesque elementum dignissim ultricies. Fusce rhoncus ipsum tempor eros aliquam consequat. Lorem ipsum dolor sit amet"},{"id":"first-blog-post","metadata":{"permalink":"/blog/first-blog-post","source":"@site/blog/2019-05-28-first-blog-post.md","title":"First Blog Post","description":"Lorem ipsum dolor sit amet...","date":"2019-05-28T00:00:00.000Z","tags":[{"inline":false,"label":"Hola","permalink":"/blog/tags/hola","description":"Hola tag description"},{"inline":false,"label":"Docusaurus","permalink":"/blog/tags/docusaurus","description":"Docusaurus tag description"}],"readingTime":0.13,"hasTruncateMarker":true,"authors":[{"name":"Sébastien Lorber","title":"Docusaurus maintainer","url":"https://sebastienlorber.com","page":{"permalink":"/blog/authors/all-sebastien-lorber-articles"},"socials":{"x":"https://x.com/sebastienlorber","linkedin":"https://www.linkedin.com/in/sebastienlorber/","github":"https://github.com/slorber","newsletter":"https://thisweekinreact.com"},"imageURL":"https://github.com/slorber.png","key":"slorber"},{"name":"Yangshun Tay","title":"Ex-Meta Staff Engineer, Co-founder GreatFrontEnd","url":"https://linkedin.com/in/yangshun","page":{"permalink":"/blog/authors/yangshun"},"socials":{"x":"https://x.com/yangshunz","linkedin":"https://www.linkedin.com/in/yangshun/","github":"https://github.com/yangshun","newsletter":"https://www.greatfrontend.com"},"imageURL":"https://github.com/yangshun.png","key":"yangshun"}],"frontMatter":{"slug":"first-blog-post","title":"First Blog Post","authors":["slorber","yangshun"],"tags":["hola","docusaurus"]},"unlisted":false,"prevItem":{"title":"Long Blog Post","permalink":"/blog/long-blog-post"}},"content":"Lorem ipsum dolor sit amet...\n\n<!-- truncate -->\n\n...consectetur adipiscing elit. Pellentesque elementum dignissim ultricies. Fusce rhoncus ipsum tempor eros aliquam consequat. Lorem ipsum dolor sit amet"}],"blogListPaginated":[{"items":["welcome","mdx-blog-post","long-blog-post","first-blog-post"],"metadata":{"permalink":"/blog","page":1,"postsPerPage":10,"totalPages":1,"totalCount":4,"blogDescription":"Blog","blogTitle":"Blog"}}],"blogTags":{"/blog/tags/facebook":{"inline":false,"label":"Facebook","permalink":"/blog/tags/facebook","description":"Facebook tag description","items":["welcome"],"pages":[{"items":["welcome"],"metadata":{"permalink":"/blog/tags/facebook","page":1,"postsPerPage":10,"totalPages":1,"totalCount":1,"blogDescription":"Blog","blogTitle":"Blog"}}],"unlisted":false},"/blog/tags/hello":{"inline":false,"label":"Hello","permalink":"/blog/tags/hello","description":"Hello tag description","items":["welcome","long-blog-post"],"pages":[{"items":["welcome","long-blog-post"],"metadata":{"permalink":"/blog/tags/hello","page":1,"postsPerPage":10,"totalPages":1,"totalCount":2,"blogDescription":"Blog","blogTitle":"Blog"}}],"unlisted":false},"/blog/tags/docusaurus":{"inline":false,"label":"Docusaurus","permalink":"/blog/tags/docusaurus","description":"Docusaurus tag description","items":["welcome","mdx-blog-post","long-blog-post","first-blog-post"],"pages":[{"items":["welcome","mdx-blog-post","long-blog-post","first-blog-post"],"metadata":{"permalink":"/blog/tags/docusaurus","page":1,"postsPerPage":10,"totalPages":1,"totalCount":4,"blogDescription":"Blog","blogTitle":"Blog"}}],"unlisted":false},"/blog/tags/hola":{"inline":false,"label":"Hola","permalink":"/blog/tags/hola","description":"Hola tag description","items":["first-blog-post"],"pages":[{"items":["first-blog-post"],"metadata":{"permalink":"/blog/tags/hola","page":1,"postsPerPage":10,"totalPages":1,"totalCount":1,"blogDescription":"Blog","blogTitle":"Blog"}}],"unlisted":false}},"blogTagsListPath":"/blog/tags","authorsMap":{"yangshun":{"name":"Yangshun Tay","title":"Ex-Meta Staff Engineer, Co-founder GreatFrontEnd","url":"https://linkedin.com/in/yangshun","page":{"permalink":"/blog/authors/yangshun"},"socials":{"x":"https://x.com/yangshunz","linkedin":"https://www.linkedin.com/in/yangshun/","github":"https://github.com/yangshun","newsletter":"https://www.greatfrontend.com"},"imageURL":"https://github.com/yangshun.png","key":"yangshun"},"slorber":{"name":"Sébastien Lorber","title":"Docusaurus maintainer","url":"https://sebastienlorber.com","page":{"permalink":"/blog/authors/all-sebastien-lorber-articles"},"socials":{"x":"https://x.com/sebastienlorber","linkedin":"https://www.linkedin.com/in/sebastienlorber/","github":"https://github.com/slorber","newsletter":"https://thisweekinreact.com"},"imageURL":"https://github.com/slorber.png","key":"slorber"}}}},"docusaurus-plugin-content-pages":{"default":[{"type":"jsx","permalink":"/","source":"@site/src/pages/index.js"},{"type":"mdx","permalink":"/markdown-page","source":"@site/src/pages/markdown-page.md","title":"Markdown page example","description":"You don't need React to write simple standalone pages.","frontMatter":{"title":"Markdown page example"},"unlisted":false}]},"docusaurus-plugin-debug":{},"docusaurus-plugin-svgr":{},"docusaurus-theme-classic":{},"docusaurus-bootstrap-plugin":{},"docusaurus-mdx-fallback-plugin":{}}}