{
  "docusaurus-plugin-content-docs": {
    "default": {
      "path": "/docs",
      "versions": [
        {
          "name": "current",
          "label": "Next",
          "isLast": true,
          "path": "/docs",
          "mainDocId": "intro",
          "docs": [
            {
              "id": "intro",
              "path": "/docs/intro",
              "sidebar": "tutorialSidebar"
            },
            {
              "id": "manual-tecnico/arquitectura",
              "path": "/docs/manual-tecnico/arquitectura",
              "sidebar": "tutorialSidebar"
            },
            {
              "id": "manual-tecnico/conclusiones",
              "path": "/docs/manual-tecnico/conclusiones",
              "sidebar": "tutorialSidebar"
            },
            {
              "id": "manual-tecnico/filezilla",
              "path": "/docs/manual-tecnico/filezilla",
              "sidebar": "tutorialSidebar"
            },
            {
              "id": "manual-tecnico/instalacion",
              "path": "/docs/manual-tecnico/instalacion",
              "sidebar": "tutorialSidebar"
            },
            {
              "id": "manual-tecnico/introduccion",
              "path": "/docs/manual-tecnico/introduccion",
              "sidebar": "tutorialSidebar"
            },
            {
              "id": "manual-tecnico/requisitos",
              "path": "/docs/manual-tecnico/requisitos",
              "sidebar": "tutorialSidebar"
            },
            {
              "id": "tutorial-basics/congratulations",
              "path": "/docs/tutorial-basics/congratulations",
              "sidebar": "tutorialSidebar"
            },
            {
              "id": "tutorial-basics/create-a-blog-post",
              "path": "/docs/tutorial-basics/create-a-blog-post",
              "sidebar": "tutorialSidebar"
            },
            {
              "id": "tutorial-basics/create-a-document",
              "path": "/docs/tutorial-basics/create-a-document",
              "sidebar": "tutorialSidebar"
            },
            {
              "id": "tutorial-basics/create-a-page",
              "path": "/docs/tutorial-basics/create-a-page",
              "sidebar": "tutorialSidebar"
            },
            {
              "id": "tutorial-basics/deploy-your-site",
              "path": "/docs/tutorial-basics/deploy-your-site",
              "sidebar": "tutorialSidebar"
            },
            {
              "id": "tutorial-basics/markdown-features",
              "path": "/docs/tutorial-basics/markdown-features",
              "sidebar": "tutorialSidebar"
            },
            {
              "id": "tutorial-extras/manage-docs-versions",
              "path": "/docs/tutorial-extras/manage-docs-versions",
              "sidebar": "tutorialSidebar"
            },
            {
              "id": "tutorial-extras/translate-your-site",
              "path": "/docs/tutorial-extras/translate-your-site",
              "sidebar": "tutorialSidebar"
            }
          ],
          "draftIds": [],
          "sidebars": {
            "tutorialSidebar": {
              "link": {
                "path": "/docs/intro",
                "label": "intro"
              }
            }
          }
        }
      ],
      "breadcrumbs": true
    }
  }
}