{"version":{"pluginId":"default","version":"current","label":"Next","banner":null,"badge":false,"noIndex":false,"className":"docs-version-current","isLast":true,"docsSidebars":{"tutorialSidebar":[{"type":"category","label":"Tutorial","items":[{"type":"link","href":"/docs/tutorial-basics/create-a-document","label":"Create a Document","docId":"tutorial-basics/create-a-document","unlisted":false},{"type":"link","href":"/docs/tutorial-basics/create-a-blog-post","label":"Create a Blog Post","docId":"tutorial-basics/create-a-blog-post","unlisted":false},{"type":"link","href":"/docs/tutorial-basics/create-a-page","label":"Create a Page","docId":"tutorial-basics/create-a-page","unlisted":false},{"type":"link","href":"/docs/tutorial-basics/markdown-features","label":"Markdown Features","docId":"tutorial-basics/markdown-features","unlisted":false},{"type":"link","href":"/docs/tutorial-basics/deploy-your-site","label":"Deploy your site","docId":"tutorial-basics/deploy-your-site","unlisted":false},{"type":"link","href":"/docs/tutorial-basics/congratulations","label":"Congratulations!","docId":"tutorial-basics/congratulations","unlisted":false}],"collapsed":true,"collapsible":true}],"manualUsuarioSidebar":[{"type":"link","href":"/docs/intro","label":"Tutorial Intro","docId":"intro","unlisted":false},{"type":"category","label":"Perfiles","collapsed":false,"items":[{"type":"link","href":"/docs/perfiles/perfil-publico","label":"Perfil Público","docId":"perfiles/perfil-publico","unlisted":false},{"type":"link","href":"/docs/perfiles/perfil-empresa","label":"Perfil de Empresa","docId":"perfiles/perfil-empresa","unlisted":false},{"type":"link","href":"/docs/perfiles/perfil-usuario","label":"Perfil de Usuario (Graduado)","docId":"perfiles/perfil-usuario","unlisted":false}],"collapsible":true},{"type":"category","label":"Funcionalidades","collapsed":false,"items":[{"type":"link","href":"/docs/funcionalidades/registro","label":"Cómo Registrarse en EmpleaTec","docId":"funcionalidades/registro","unlisted":false},{"type":"link","href":"/docs/funcionalidades/inicio-sesion","label":"Iniciar Sesión en EmpleaTec","docId":"funcionalidades/inicio-sesion","unlisted":false},{"type":"link","href":"/docs/funcionalidades/recuperar-contraseña","label":"Recuperar Contraseña en EmpleaTec","docId":"funcionalidades/recuperar-contraseña","unlisted":false}],"collapsible":true}],"manualTecnicoSidebar":[{"type":"category","label":"Introduccion","items":[{"type":"link","href":"/docs/Introduccion/intro","label":"Bienvenido a EmpleaTec","docId":"Introduccion/intro","unlisted":false},{"type":"link","href":"/docs/Introduccion/requisitos-acceso","label":"Requisitos de Acceso","docId":"Introduccion/requisitos-acceso","unlisted":false},{"type":"link","href":"/docs/Introduccion/ingreso-sistema","label":"Ingreso al Sistema","docId":"Introduccion/ingreso-sistema","unlisted":false}],"collapsed":true,"collapsible":true}]},"docs":{"funcionalidades/inicio-sesion":{"id":"funcionalidades/inicio-sesion","title":"Iniciar Sesión en EmpleaTec","description":"Esta guía te mostrará cómo acceder a tu cuenta de EmpleaTec desde la plataforma web y la aplicación móvil.","sidebar":"manualUsuarioSidebar"},"funcionalidades/recuperar-contraseña":{"id":"funcionalidades/recuperar-contraseña","title":"Recuperar Contraseña en EmpleaTec","description":"Si olvidaste tu contraseña, no te preocupes. Esta guía te mostrará cómo recuperar el acceso a tu cuenta de forma segura.","sidebar":"manualUsuarioSidebar"},"funcionalidades/registro":{"id":"funcionalidades/registro","title":"Cómo Registrarse en EmpleaTec","description":"Esta guía te mostrará paso a paso cómo crear tu cuenta en EmpleaTec, ya sea como graduado buscando empleo o como empresa buscando talento.","sidebar":"manualUsuarioSidebar"},"intro":{"id":"intro","title":"Tutorial Intro","description":"Let's discover Docusaurus in less than 5 minutes.","sidebar":"manualUsuarioSidebar"},"Introduccion/ingreso-sistema":{"id":"Introduccion/ingreso-sistema","title":"Ingreso al Sistema","description":"Esta sección te guiará paso a paso para acceder a la plataforma y comenzar a utilizarla.","sidebar":"manualTecnicoSidebar"},"Introduccion/intro":{"id":"Introduccion/intro","title":"Bienvenido a EmpleaTec","description":"¡Bienvenido al manual de usuario de EmpleaTec! Esta guía te ayudará a aprovechar al máximo nuestra plataforma de bolsa de empleo.","sidebar":"manualTecnicoSidebar"},"Introduccion/requisitos-acceso":{"id":"Introduccion/requisitos-acceso","title":"Requisitos de Acceso","description":"Para utilizar la plataforma de manera óptima y sin interrupciones, asegúrate de cumplir con los siguientes requisitos técnicos.","sidebar":"manualTecnicoSidebar"},"perfiles/perfil-empresa":{"id":"perfiles/perfil-empresa","title":"Perfil de Empresa","description":"El perfil de empresa está diseñado para organizaciones que desean utilizar la plataforma para gestionar sus necesidades y conectar con usuarios calificados.","sidebar":"manualUsuarioSidebar"},"perfiles/perfil-publico":{"id":"perfiles/perfil-publico","title":"Perfil Público","description":"El perfil público es accesible sin necesidad de iniciar sesión y permite conocer información básica sobre la plataforma y las entidades que se encuentran registradas en ella.","sidebar":"manualUsuarioSidebar"},"perfiles/perfil-usuario":{"id":"perfiles/perfil-usuario","title":"Perfil de Usuario (Graduado)","description":"El Perfil de Usuario es para graduados del Instituto Nelson Torres que buscan oportunidades laborales. Este perfil te permite postularte a ofertas, crear tu perfil profesional y ser encontrado por empresas.","sidebar":"manualUsuarioSidebar"},"tutorial-basics/congratulations":{"id":"tutorial-basics/congratulations","title":"Congratulations!","description":"You have just learned the basics of Docusaurus and made some changes to the initial template.","sidebar":"tutorialSidebar"},"tutorial-basics/create-a-blog-post":{"id":"tutorial-basics/create-a-blog-post","title":"Create a Blog Post","description":"Docusaurus creates a page for each blog post, but also a blog index page, a tag system, an RSS feed...","sidebar":"tutorialSidebar"},"tutorial-basics/create-a-document":{"id":"tutorial-basics/create-a-document","title":"Create a Document","description":"Documents are groups of pages connected through:","sidebar":"tutorialSidebar"},"tutorial-basics/create-a-page":{"id":"tutorial-basics/create-a-page","title":"Create a Page","description":"Add Markdown or React files to src/pages to create a standalone page:","sidebar":"tutorialSidebar"},"tutorial-basics/deploy-your-site":{"id":"tutorial-basics/deploy-your-site","title":"Deploy your site","description":"Docusaurus is a static-site-generator (also called Jamstack).","sidebar":"tutorialSidebar"},"tutorial-basics/markdown-features":{"id":"tutorial-basics/markdown-features","title":"Markdown Features","description":"Docusaurus supports Markdown and a few additional features.","sidebar":"tutorialSidebar"},"tutorial-extras/manage-docs-versions":{"id":"tutorial-extras/manage-docs-versions","title":"Manage Docs Versions","description":"Docusaurus can manage multiple versions of your docs."},"tutorial-extras/translate-your-site":{"id":"tutorial-extras/translate-your-site","title":"Translate your site","description":"Let's translate docs/intro.md to French."}}}}