{"authors":[{"name":"Yangshun Tay","title":"Ex-Meta Staff Engineer, Co-founder GreatFrontEnd","url":"https://linkedin.com/in/yangshun","page":{"permalink":"/blog/authors/yangshun"},"socials":{"x":"https://x.com/yangshunz","linkedin":"https://www.linkedin.com/in/yangshun/","github":"https://github.com/yangshun","newsletter":"https://www.greatfrontend.com"},"imageURL":"https://github.com/yangshun.png","key":"yangshun","count":3},{"name":"Sébastien Lorber","title":"Docusaurus maintainer","url":"https://sebastienlorber.com","page":{"permalink":"/blog/authors/all-sebastien-lorber-articles"},"socials":{"x":"https://x.com/sebastienlorber","linkedin":"https://www.linkedin.com/in/sebastienlorber/","github":"https://github.com/slorber","newsletter":"https://thisweekinreact.com"},"imageURL":"https://github.com/slorber.png","key":"slorber","count":3}]}