{
  "theme.AnnouncementBar.closeButtonAriaLabel": "Cerrar",
  "theme.BackToTopButton.buttonAriaLabel": "Volver al principio",
  "theme.CodeBlock.copied": "Copiado",
  "theme.CodeBlock.copy": "Copiar",
  "theme.CodeBlock.copyButtonAriaLabel": "Copiar código",
  "theme.CodeBlock.wordWrapToggle": "Alternar ajuste de palabras",
  "theme.DocSidebarItem.collapseCategoryAriaLabel": "Colapsar categoría '{label}' de la barra lateral",
  "theme.DocSidebarItem.expandCategoryAriaLabel": "Ampliar la categoría '{label}' de la barra lateral",
  "theme.ErrorPageContent.title": "Esta página ha fallado.",
  "theme.ErrorPageContent.tryAgain": "Intente de nuevo",
  "theme.IconExternalLink.ariaLabel": "(opens in new tab)",
  "theme.NavBar.navAriaLabel": "Principal",
  "theme.NotFound.p1": "No pudimos encontrar lo que buscaba.",
  "theme.NotFound.p2": "Comuníquese con el dueño del sitio que le proporcionó la URL original y hágale saber que su vínculo está roto.",
  "theme.NotFound.title": "Página No Encontrada",
  "theme.TOCCollapsible.toggleButtonLabel": "En esta página",
  "theme.admonition.caution": "precaución",
  "theme.admonition.danger": "peligro",
  "theme.admonition.info": "info",
  "theme.admonition.note": "nota",
  "theme.admonition.tip": "tip",
  "theme.admonition.warning": "aviso",
  "theme.blog.archive.description": "Archivo",
  "theme.blog.archive.title": "Archivo",
  "theme.blog.author.noPosts": "This author has not written any posts yet.",
  "theme.blog.author.pageTitle": "{authorName} - {nPosts}",
  "theme.blog.authorsList.pageTitle": "Authors",
  "theme.blog.authorsList.viewAll": "View All Authors",
  "theme.blog.paginator.navAriaLabel": "Navegación por la página de la lista de blogs ",
  "theme.blog.paginator.newerEntries": "Entradas más recientes",
  "theme.blog.paginator.olderEntries": "Entradas más antiguas",
  "theme.blog.post.paginator.navAriaLabel": "Barra de paginación de publicaciones del blog",
  "theme.blog.post.paginator.newerPost": "Publicación más reciente",
  "theme.blog.post.paginator.olderPost": "Publicación más antigua",
  "theme.blog.post.plurals": "Una publicación|{count} publicaciones",
  "theme.blog.post.readMore": "Leer Más",
  "theme.blog.post.readMoreLabel": "Leer más acerca de {title}",
  "theme.blog.post.readingTime.plurals": "Lectura de un minuto|{readingTime} min de lectura",
  "theme.blog.sidebar.navAriaLabel": "Navegación de publicaciones recientes",
  "theme.blog.tagTitle": "{nPosts} etiquetados con \"{tagName}\"",
  "theme.colorToggle.ariaLabel": "Cambiar entre modo oscuro y claro (actualmente {mode})",
  "theme.colorToggle.ariaLabel.mode.dark": "modo oscuro",
  "theme.colorToggle.ariaLabel.mode.light": "modo claro",
  "theme.colorToggle.ariaLabel.mode.system": "system mode",
  "theme.common.editThisPage": "Editar esta página",
  "theme.common.headingLinkTitle": "Enlace directo al {heading}",
  "theme.common.skipToMainContent": "Saltar al contenido principal",
  "theme.contentVisibility.draftBanner.message": "This page is a draft. It will only be visible in dev and be excluded from the production build.",
  "theme.contentVisibility.draftBanner.title": "Draft page",
  "theme.contentVisibility.unlistedBanner.message": "Esta página está sin clasificar. Los motores de búsqueda no la indexaran, y solo los usuarios con el enlace directo podrán acceder a esta.",
  "theme.contentVisibility.unlistedBanner.title": "Página sin clasificar",
  "theme.docs.DocCard.categoryDescription.plurals": "1 artículo|{count} artículos",
  "theme.docs.breadcrumbs.home": "Página de Inicio",
  "theme.docs.breadcrumbs.navAriaLabel": "Rastro de navegación",
  "theme.docs.paginator.navAriaLabel": "Página del documento",
  "theme.docs.paginator.next": "Siguiente",
  "theme.docs.paginator.previous": "Anterior",
  "theme.docs.sidebar.closeSidebarButtonAriaLabel": "Cerrar barra de lateral",
  "theme.docs.sidebar.collapseButtonAriaLabel": "Colapsar barra lateral",
  "theme.docs.sidebar.collapseButtonTitle": "Colapsar barra lateral",
  "theme.docs.sidebar.expandButtonAriaLabel": "Expandir barra lateral",
  "theme.docs.sidebar.expandButtonTitle": "Expandir barra lateral",
  "theme.docs.sidebar.navAriaLabel": "Barra lateral de Documentos",
  "theme.docs.sidebar.toggleSidebarButtonAriaLabel": "Alternar barra lateral",
  "theme.docs.tagDocListPageTitle": "{nDocsTagged} con \"{tagName}\"",
  "theme.docs.tagDocListPageTitle.nDocsTagged": "Un documento etiquetado|{count} documentos etiquetados",
  "theme.docs.versionBadge.label": "Version: {versionLabel}",
  "theme.docs.versions.latestVersionLinkLabel": "última versión",
  "theme.docs.versions.latestVersionSuggestionLabel": "Para la documentación actualizada, vea {latestVersionLink} ({versionLabel}).",
  "theme.docs.versions.unmaintainedVersionLabel": "Esta es la documentación para {siteTitle} {versionLabel}, que ya no se mantiene activamente.",
  "theme.docs.versions.unreleasedVersionLabel": "Esta es la documentación sin publicar para {siteTitle}, versión {versionLabel}.",
  "theme.lastUpdated.atDate": " en {date}",
  "theme.lastUpdated.byUser": " por {user}",
  "theme.lastUpdated.lastUpdatedAtBy": "Última actualización{atDate}{byUser}",
  "theme.navbar.mobileDropdown.collapseButton.collapseAriaLabel": "Collapse the dropdown",
  "theme.navbar.mobileDropdown.collapseButton.expandAriaLabel": "Expand the dropdown",
  "theme.navbar.mobileLanguageDropdown.label": "Idiomas",
  "theme.navbar.mobileSidebarSecondaryMenu.backButtonLabel": "← Volver al menú principal",
  "theme.navbar.mobileVersionsDropdown.label": "Versiones",
  "theme.tags.tagsListLabel": "Etiquetas:",
  "theme.tags.tagsPageLink": "Ver Todas las Etiquetas",
  "theme.tags.tagsPageTitle": "Etiquetas"
}