{
  "docusaurus-plugin-content-docs": {
    "default": {
      "path": "/docs",
      "versions": [
        {
          "name": "current",
          "label": "Next",
          "isLast": true,
          "path": "/docs",
          "mainDocId": "tutorial-basics/create-a-document",
          "docs": [
            {
              "id": "funcionalidades/inicio-sesion",
              "path": "/docs/funcionalidades/inicio-sesion",
              "sidebar": "manualUsuarioSidebar"
            },
            {
              "id": "funcionalidades/recuperar-contraseña",
              "path": "/docs/funcionalidades/recuperar-contraseña",
              "sidebar": "manualUsuarioSidebar"
            },
            {
              "id": "funcionalidades/registro",
              "path": "/docs/funcionalidades/registro",
              "sidebar": "manualUsuarioSidebar"
            },
            {
              "id": "intro",
              "path": "/docs/intro",
              "sidebar": "manualUsuarioSidebar"
            },
            {
              "id": "Introduccion/ingreso-sistema",
              "path": "/docs/Introduccion/ingreso-sistema",
              "sidebar": "manualTecnicoSidebar"
            },
            {
              "id": "Introduccion/intro",
              "path": "/docs/Introduccion/intro",
              "sidebar": "manualTecnicoSidebar"
            },
            {
              "id": "Introduccion/requisitos-acceso",
              "path": "/docs/Introduccion/requisitos-acceso",
              "sidebar": "manualTecnicoSidebar"
            },
            {
              "id": "perfiles/perfil-empresa",
              "path": "/docs/perfiles/perfil-empresa",
              "sidebar": "manualUsuarioSidebar"
            },
            {
              "id": "perfiles/perfil-publico",
              "path": "/docs/perfiles/perfil-publico",
              "sidebar": "manualUsuarioSidebar"
            },
            {
              "id": "perfiles/perfil-usuario",
              "path": "/docs/perfiles/perfil-usuario",
              "sidebar": "manualUsuarioSidebar"
            },
            {
              "id": "tutorial-basics/congratulations",
              "path": "/docs/tutorial-basics/congratulations",
              "sidebar": "tutorialSidebar"
            },
            {
              "id": "tutorial-basics/create-a-blog-post",
              "path": "/docs/tutorial-basics/create-a-blog-post",
              "sidebar": "tutorialSidebar"
            },
            {
              "id": "tutorial-basics/create-a-document",
              "path": "/docs/tutorial-basics/create-a-document",
              "sidebar": "tutorialSidebar"
            },
            {
              "id": "tutorial-basics/create-a-page",
              "path": "/docs/tutorial-basics/create-a-page",
              "sidebar": "tutorialSidebar"
            },
            {
              "id": "tutorial-basics/deploy-your-site",
              "path": "/docs/tutorial-basics/deploy-your-site",
              "sidebar": "tutorialSidebar"
            },
            {
              "id": "tutorial-basics/markdown-features",
              "path": "/docs/tutorial-basics/markdown-features",
              "sidebar": "tutorialSidebar"
            },
            {
              "id": "tutorial-extras/manage-docs-versions",
              "path": "/docs/tutorial-extras/manage-docs-versions"
            },
            {
              "id": "tutorial-extras/translate-your-site",
              "path": "/docs/tutorial-extras/translate-your-site"
            }
          ],
          "draftIds": [],
          "sidebars": {
            "tutorialSidebar": {
              "link": {
                "path": "/docs/tutorial-basics/create-a-document",
                "label": "tutorial-basics/create-a-document"
              }
            },
            "manualUsuarioSidebar": {
              "link": {
                "path": "/docs/intro",
                "label": "intro"
              }
            },
            "manualTecnicoSidebar": {
              "link": {
                "path": "/docs/Introduccion/intro",
                "label": "Introduccion/intro"
              }
            }
          }
        }
      ],
      "breadcrumbs": true
    }
  }
}