{
  "id": "manual tecnico/introduccion",
  "title": "introduccion",
  "description": "",
  "source": "@site/docs/manual tecnico/introduccion.md",
  "sourceDirName": "manual tecnico",
  "slug": "/manual tecnico/introduccion",
  "permalink": "/docs/manual tecnico/introduccion",
  "draft": false,
  "unlisted": false,
  "editUrl": "https://github.com/facebook/docusaurus/tree/main/packages/create-docusaurus/templates/shared/docs/manual tecnico/introduccion.md",
  "tags": [],
  "version": "current",
  "frontMatter": {},
  "sidebar": "tutorialSidebar",
  "previous": {
    "title": "instalacion",
    "permalink": "/docs/manual tecnico/instalacion"
  },
  "next": {
    "title": "requisitos",
    "permalink": "/docs/manual tecnico/requisitos"
  }
}