{
  "id": "tutorial-basics/create-a-page",
  "title": "Create a Page",
  "description": "Add Markdown or React files to src/pages to create a standalone page:",
  "source": "@site/docs/tutorial-basics/create-a-page.md",
  "sourceDirName": "tutorial-basics",
  "slug": "/tutorial-basics/create-a-page",
  "permalink": "/docs/tutorial-basics/create-a-page",
  "draft": false,
  "unlisted": false,
  "editUrl": "https://github.com/tu-usuario/tu-repo/tree/main/docs/tutorial-basics/create-a-page.md",
  "tags": [],
  "version": "current",
  "sidebarPosition": 1,
  "frontMatter": {
    "sidebar_position": 1
  },
  "sidebar": "tutorialSidebar",
  "previous": {
    "title": "Despliegue con FileZilla",
    "permalink": "/docs/manual-tecnico/filezilla"
  },
  "next": {
    "title": "Create a Document",
    "permalink": "/docs/tutorial-basics/create-a-document"
  }
}