{
  "id": "manual-tecnico/requisitos",
  "title": "Requisitos de Software",
  "description": "Para el correcto funcionamiento y desarrollo de la plataforma EmpleaTec, es necesario contar con los siguientes requisitos de software.",
  "source": "@site/docs/manual-tecnico/requisitos.md",
  "sourceDirName": "manual-tecnico",
  "slug": "/manual-tecnico/requisitos",
  "permalink": "/docs/manual-tecnico/requisitos",
  "draft": false,
  "unlisted": false,
  "editUrl": "https://github.com/tu-usuario/tu-repo/tree/main/docs/manual-tecnico/requisitos.md",
  "tags": [],
  "version": "current",
  "frontMatter": {},
  "sidebar": "tutorialSidebar",
  "previous": {
    "title": "Introducción",
    "permalink": "/docs/manual-tecnico/introduccion"
  },
  "next": {
    "title": "Manual de Instalación Local",
    "permalink": "/docs/manual-tecnico/instalacion"
  }
}