{
  "id": "manual-tecnico/instalacion",
  "title": "Manual de Instalación Local",
  "description": "Esta guía describe los pasos necesarios para instalar y configurar la plataforma EmpleaTec en un entorno local.",
  "source": "@site/docs/manual-tecnico/instalacion.md",
  "sourceDirName": "manual-tecnico",
  "slug": "/manual-tecnico/instalacion",
  "permalink": "/docs/manual-tecnico/instalacion",
  "draft": false,
  "unlisted": false,
  "editUrl": "https://github.com/tu-usuario/tu-repo/tree/main/docs/manual-tecnico/instalacion.md",
  "tags": [],
  "version": "current",
  "frontMatter": {},
  "sidebar": "tutorialSidebar",
  "previous": {
    "title": "Requisitos de Software",
    "permalink": "/docs/manual-tecnico/requisitos"
  },
  "next": {
    "title": "Arquitectura del Sistema",
    "permalink": "/docs/manual-tecnico/arquitectura"
  }
}