{
  "id": "manual-tecnico/introduccion",
  "title": "Introducción",
  "description": "Objetivo del Proyecto",
  "source": "@site/docs/manual-tecnico/introduccion.md",
  "sourceDirName": "manual-tecnico",
  "slug": "/manual-tecnico/introduccion",
  "permalink": "/docs/manual-tecnico/introduccion",
  "draft": false,
  "unlisted": false,
  "editUrl": "https://github.com/tu-usuario/tu-repo/tree/main/docs/manual-tecnico/introduccion.md",
  "tags": [],
  "version": "current",
  "frontMatter": {},
  "sidebar": "tutorialSidebar",
  "previous": {
    "title": "Tutorial Intro",
    "permalink": "/docs/intro"
  },
  "next": {
    "title": "Requisitos de Software",
    "permalink": "/docs/manual-tecnico/requisitos"
  }
}