{
  "id": "manual tecnico/requisitos",
  "title": "requisitos",
  "description": "",
  "source": "@site/docs/manual tecnico/requisitos.md",
  "sourceDirName": "manual tecnico",
  "slug": "/manual tecnico/requisitos",
  "permalink": "/docs/manual tecnico/requisitos",
  "draft": false,
  "unlisted": false,
  "editUrl": "https://github.com/facebook/docusaurus/tree/main/packages/create-docusaurus/templates/shared/docs/manual tecnico/requisitos.md",
  "tags": [],
  "version": "current",
  "frontMatter": {},
  "sidebar": "tutorialSidebar",
  "previous": {
    "title": "introduccion",
    "permalink": "/docs/manual tecnico/introduccion"
  }
}