{
  "id": "manual-tecnico/filezilla",
  "title": "Despliegue con FileZilla",
  "description": "Esta guía te enseñará cómo desplegar tu proyecto Docusaurus en un servidor usando FileZilla.",
  "source": "@site/docs/manual-tecnico/filezilla.md",
  "sourceDirName": "manual-tecnico",
  "slug": "/manual-tecnico/filezilla",
  "permalink": "/docs/manual-tecnico/filezilla",
  "draft": false,
  "unlisted": false,
  "editUrl": "https://github.com/tu-usuario/tu-repo/tree/main/docs/manual-tecnico/filezilla.md",
  "tags": [],
  "version": "current",
  "sidebarPosition": 2,
  "frontMatter": {
    "sidebar_position": 2,
    "title": "Despliegue con FileZilla"
  },
  "sidebar": "tutorialSidebar",
  "previous": {
    "title": "Conclusiones y Recomendaciones",
    "permalink": "/docs/manual-tecnico/conclusiones"
  },
  "next": {
    "title": "Create a Page",
    "permalink": "/docs/tutorial-basics/create-a-page"
  }
}