{
  "id": "manual-tecnico/arquitectura",
  "title": "Arquitectura del Sistema",
  "description": "La arquitectura del proyecto EmpleaTec sigue un modelo basado en MVC (Modelo-Vista-Controlador) con una estructura modular que separa la lógica del negocio, la presentación y la gestión de datos.",
  "source": "@site/docs/manual-tecnico/arquitectura.md",
  "sourceDirName": "manual-tecnico",
  "slug": "/manual-tecnico/arquitectura",
  "permalink": "/docs/manual-tecnico/arquitectura",
  "draft": false,
  "unlisted": false,
  "editUrl": "https://github.com/tu-usuario/tu-repo/tree/main/docs/manual-tecnico/arquitectura.md",
  "tags": [],
  "version": "current",
  "frontMatter": {},
  "sidebar": "tutorialSidebar",
  "previous": {
    "title": "Manual de Instalación Local",
    "permalink": "/docs/manual-tecnico/instalacion"
  },
  "next": {
    "title": "Conclusiones y Recomendaciones",
    "permalink": "/docs/manual-tecnico/conclusiones"
  }
}