{
  "id": "manual-tecnico/conclusiones",
  "title": "Conclusiones y Recomendaciones",
  "description": "Conclusiones",
  "source": "@site/docs/manual-tecnico/conclusiones.md",
  "sourceDirName": "manual-tecnico",
  "slug": "/manual-tecnico/conclusiones",
  "permalink": "/docs/manual-tecnico/conclusiones",
  "draft": false,
  "unlisted": false,
  "editUrl": "https://github.com/tu-usuario/tu-repo/tree/main/docs/manual-tecnico/conclusiones.md",
  "tags": [],
  "version": "current",
  "frontMatter": {},
  "sidebar": "tutorialSidebar",
  "previous": {
    "title": "Arquitectura del Sistema",
    "permalink": "/docs/manual-tecnico/arquitectura"
  },
  "next": {
    "title": "Despliegue con FileZilla",
    "permalink": "/docs/manual-tecnico/filezilla"
  }
}