{
  "id": "manual tecnico/arquitectura",
  "title": "arquitectura",
  "description": "",
  "source": "@site/docs/manual tecnico/arquitectura.md",
  "sourceDirName": "manual tecnico",
  "slug": "/manual tecnico/arquitectura",
  "permalink": "/docs/manual tecnico/arquitectura",
  "draft": false,
  "unlisted": false,
  "editUrl": "https://github.com/facebook/docusaurus/tree/main/packages/create-docusaurus/templates/shared/docs/manual tecnico/arquitectura.md",
  "tags": [],
  "version": "current",
  "frontMatter": {},
  "sidebar": "tutorialSidebar",
  "previous": {
    "title": "Translate your site",
    "permalink": "/docs/tutorial-extras/translate-your-site"
  },
  "next": {
    "title": "conclusiones",
    "permalink": "/docs/manual tecnico/conclusiones"
  }
}