{"version":{"pluginId":"default","version":"current","label":"Next","banner":null,"badge":false,"noIndex":false,"className":"docs-version-current","isLast":true,"docsSidebars":{"tutorialSidebar":[{"type":"link","href":"/docs/intro","label":"Tutorial Intro","docId":"intro","unlisted":false},{"type":"category","label":"Tutorial - Basics","collapsible":true,"collapsed":true,"items":[{"type":"link","href":"/docs/tutorial-basics/create-a-page","label":"Create a Page","docId":"tutorial-basics/create-a-page","unlisted":false},{"type":"link","href":"/docs/tutorial-basics/create-a-document","label":"Create a Document","docId":"tutorial-basics/create-a-document","unlisted":false},{"type":"link","href":"/docs/tutorial-basics/create-a-blog-post","label":"Create a Blog Post","docId":"tutorial-basics/create-a-blog-post","unlisted":false},{"type":"link","href":"/docs/tutorial-basics/markdown-features","label":"Markdown Features","docId":"tutorial-basics/markdown-features","unlisted":false},{"type":"link","href":"/docs/tutorial-basics/deploy-your-site","label":"Deploy your site","docId":"tutorial-basics/deploy-your-site","unlisted":false},{"type":"link","href":"/docs/tutorial-basics/congratulations","label":"Congratulations!","docId":"tutorial-basics/congratulations","unlisted":false}],"href":"/docs/category/tutorial---basics"},{"type":"category","label":"Tutorial - Extras","collapsible":true,"collapsed":true,"items":[{"type":"link","href":"/docs/tutorial-extras/manage-docs-versions","label":"Manage Docs Versions","docId":"tutorial-extras/manage-docs-versions","unlisted":false},{"type":"link","href":"/docs/tutorial-extras/translate-your-site","label":"Translate your site","docId":"tutorial-extras/translate-your-site","unlisted":false}],"href":"/docs/category/tutorial---extras"},{"type":"category","label":"Instalacion","collapsible":true,"collapsed":true,"items":[{"type":"link","href":"/docs/Instalacion/configuracion-base-datos","label":"Configuración de Base de Datos","docId":"Instalacion/configuracion-base-datos","unlisted":false},{"type":"link","href":"/docs/Instalacion/despliegue-servidor","label":"Despliegue en Servidor","docId":"Instalacion/despliegue-servidor","unlisted":false},{"type":"link","href":"/docs/Instalacion/instalacion-principal","label":"Instalación Principal","docId":"Instalacion/instalacion-principal","unlisted":false},{"type":"link","href":"/docs/Instalacion/modulo-administrador","label":"Módulo Administrador","docId":"Instalacion/modulo-administrador","unlisted":false},{"type":"link","href":"/docs/Instalacion/requisitos-previos","label":"Requisitos Previos","docId":"Instalacion/requisitos-previos","unlisted":false}]}]},"docs":{"Instalacion/configuracion-base-datos":{"id":"Instalacion/configuracion-base-datos","title":"Configuración de Base de Datos","description":"Guía detallada para configurar, optimizar y mantener la base de datos de EmpleaTec.","sidebar":"tutorialSidebar"},"Instalacion/despliegue-servidor":{"id":"Instalacion/despliegue-servidor","title":"Despliegue en Servidor","description":"Guía para desplegar EmpleaTec en un servidor de producción usando Apache y PHP nativo.","sidebar":"tutorialSidebar"},"Instalacion/instalacion-principal":{"id":"Instalacion/instalacion-principal","title":"Instalación Principal","description":"Esta guía te llevará paso a paso por el proceso de instalación de EmpleaTec en tu entorno local o servidor.","sidebar":"tutorialSidebar"},"Instalacion/modulo-administrador":{"id":"Instalacion/modulo-administrador","title":"Módulo Administrador","description":"Guía de instalación y configuración del panel administrativo de EmpleaTec.","sidebar":"tutorialSidebar"},"Instalacion/requisitos-previos":{"id":"Instalacion/requisitos-previos","title":"Requisitos Previos","description":"Antes de instalar EmpleaTec, asegúrate de tener todos los requisitos necesarios en tu sistema.","sidebar":"tutorialSidebar"},"intro":{"id":"intro","title":"Tutorial Intro","description":"Let's discover Docusaurus in less than 5 minutes.","sidebar":"tutorialSidebar"},"tutorial-basics/congratulations":{"id":"tutorial-basics/congratulations","title":"Congratulations!","description":"You have just learned the basics of Docusaurus and made some changes to the initial template.","sidebar":"tutorialSidebar"},"tutorial-basics/create-a-blog-post":{"id":"tutorial-basics/create-a-blog-post","title":"Create a Blog Post","description":"Docusaurus creates a page for each blog post, but also a blog index page, a tag system, an RSS feed...","sidebar":"tutorialSidebar"},"tutorial-basics/create-a-document":{"id":"tutorial-basics/create-a-document","title":"Create a Document","description":"Documents are groups of pages connected through:","sidebar":"tutorialSidebar"},"tutorial-basics/create-a-page":{"id":"tutorial-basics/create-a-page","title":"Create a Page","description":"Add Markdown or React files to src/pages to create a standalone page:","sidebar":"tutorialSidebar"},"tutorial-basics/deploy-your-site":{"id":"tutorial-basics/deploy-your-site","title":"Deploy your site","description":"Docusaurus is a static-site-generator (also called Jamstack).","sidebar":"tutorialSidebar"},"tutorial-basics/markdown-features":{"id":"tutorial-basics/markdown-features","title":"Markdown Features","description":"Docusaurus supports Markdown and a few additional features.","sidebar":"tutorialSidebar"},"tutorial-extras/manage-docs-versions":{"id":"tutorial-extras/manage-docs-versions","title":"Manage Docs Versions","description":"Docusaurus can manage multiple versions of your docs.","sidebar":"tutorialSidebar"},"tutorial-extras/translate-your-site":{"id":"tutorial-extras/translate-your-site","title":"Translate your site","description":"Let's translate docs/intro.md to French.","sidebar":"tutorialSidebar"}}}}