{
  "id": "Instalacion/despliegue-servidor",
  "title": "Despliegue en Servidor",
  "description": "Guía para desplegar EmpleaTec en un servidor de producción usando Apache y PHP nativo.",
  "source": "@site/docs/Instalacion/despliegue-servidor.md",
  "sourceDirName": "Instalacion",
  "slug": "/Instalacion/despliegue-servidor",
  "permalink": "/docs/Instalacion/despliegue-servidor",
  "draft": false,
  "unlisted": false,
  "editUrl": "https://github.com/facebook/docusaurus/tree/main/packages/create-docusaurus/templates/shared/docs/Instalacion/despliegue-servidor.md",
  "tags": [],
  "version": "current",
  "frontMatter": {},
  "sidebar": "tutorialSidebar",
  "previous": {
    "title": "Configuración de Base de Datos",
    "permalink": "/docs/Instalacion/configuracion-base-datos"
  },
  "next": {
    "title": "Instalación Principal",
    "permalink": "/docs/Instalacion/instalacion-principal"
  }
}