{
  "id": "instalacion/configuracion-base-datos",
  "title": "Configuración de Base de Datos",
  "description": "Guía detallada para configurar, optimizar y mantener la base de datos de EmpleaTec.",
  "source": "@site/docs/instalacion/configuracion-base-datos.md",
  "sourceDirName": "instalacion",
  "slug": "/instalacion/configuracion-base-datos",
  "permalink": "/docs/instalacion/configuracion-base-datos",
  "draft": false,
  "unlisted": false,
  "editUrl": "https://github.com/facebook/docusaurus/tree/main/packages/create-docusaurus/templates/shared/docs/instalacion/configuracion-base-datos.md",
  "tags": [],
  "version": "current",
  "frontMatter": {},
  "sidebar": "tutorialSidebar",
  "previous": {
    "title": "Translate your site",
    "permalink": "/docs/tutorial-extras/translate-your-site"
  },
  "next": {
    "title": "Solución de Problemas",
    "permalink": "/docs/instalacion/despliegue-servidor"
  }
}