{
  "id": "instalacion/despliegue-servidor",
  "title": "Solución de Problemas",
  "description": "Guía de troubleshooting para resolver problemas comunes en EmpleaTec.",
  "source": "@site/docs/instalacion/despliegue-servidor.md",
  "sourceDirName": "instalacion",
  "slug": "/instalacion/despliegue-servidor",
  "permalink": "/docs/instalacion/despliegue-servidor",
  "draft": false,
  "unlisted": false,
  "editUrl": "https://github.com/facebook/docusaurus/tree/main/packages/create-docusaurus/templates/shared/docs/instalacion/despliegue-servidor.md",
  "tags": [],
  "version": "current",
  "frontMatter": {},
  "sidebar": "tutorialSidebar",
  "previous": {
    "title": "Configuración de Base de Datos",
    "permalink": "/docs/instalacion/configuracion-base-datos"
  },
  "next": {
    "title": "Instalación Principal",
    "permalink": "/docs/instalacion/instalacion-principal"
  }
}