{
  "id": "instalacion/requisitos-previos",
  "title": "Requisitos Previos",
  "description": "Antes de instalar EmpleaTec, asegúrate de tener todos los requisitos necesarios en tu sistema.",
  "source": "@site/docs/instalacion/requisitos-previos.md",
  "sourceDirName": "instalacion",
  "slug": "/instalacion/requisitos-previos",
  "permalink": "/docs/instalacion/requisitos-previos",
  "draft": false,
  "unlisted": false,
  "editUrl": "https://github.com/facebook/docusaurus/tree/main/packages/create-docusaurus/templates/shared/docs/instalacion/requisitos-previos.md",
  "tags": [],
  "version": "current",
  "frontMatter": {},
  "sidebar": "tutorialSidebar",
  "previous": {
    "title": "Módulo Administrador",
    "permalink": "/docs/instalacion/modulo-administrador"
  }
}