{
  "id": "Instalacion/instalacion-principal",
  "title": "Instalación Principal",
  "description": "Esta guía te llevará paso a paso por el proceso de instalación de EmpleaTec en tu entorno local o servidor.",
  "source": "@site/docs/Instalacion/instalacion-principal.md",
  "sourceDirName": "Instalacion",
  "slug": "/Instalacion/instalacion-principal",
  "permalink": "/docs/Instalacion/instalacion-principal",
  "draft": false,
  "unlisted": false,
  "editUrl": "https://github.com/facebook/docusaurus/tree/main/packages/create-docusaurus/templates/shared/docs/Instalacion/instalacion-principal.md",
  "tags": [],
  "version": "current",
  "frontMatter": {},
  "sidebar": "tutorialSidebar",
  "previous": {
    "title": "Despliegue en Servidor",
    "permalink": "/docs/Instalacion/despliegue-servidor"
  },
  "next": {
    "title": "Módulo Administrador",
    "permalink": "/docs/Instalacion/modulo-administrador"
  }
}