{
  "id": "instalacion/modulo-administrador",
  "title": "Módulo Administrador",
  "description": "Guía de instalación y configuración del panel administrativo de EmpleaTec.",
  "source": "@site/docs/instalacion/modulo-administrador.md",
  "sourceDirName": "instalacion",
  "slug": "/instalacion/modulo-administrador",
  "permalink": "/docs/instalacion/modulo-administrador",
  "draft": false,
  "unlisted": false,
  "editUrl": "https://github.com/facebook/docusaurus/tree/main/packages/create-docusaurus/templates/shared/docs/instalacion/modulo-administrador.md",
  "tags": [],
  "version": "current",
  "frontMatter": {},
  "sidebar": "tutorialSidebar",
  "previous": {
    "title": "Instalación Principal",
    "permalink": "/docs/instalacion/instalacion-principal"
  },
  "next": {
    "title": "Requisitos Previos",
    "permalink": "/docs/instalacion/requisitos-previos"
  }
}