{
  "permalink": "/blog/long-blog-post",
  "editUrl": "https://github.com/tu-usuario/tu-repo/tree/main/blog/2019-05-29-long-blog-post.md",
  "source": "@site/blog/2019-05-29-long-blog-post.md",
  "title": "Long Blog Post",
  "description": "This is the summary of a very long blog post,",
  "date": "2019-05-29T00:00:00.000Z",
  "tags": [
    {
      "inline": false,
      "label": "Hello",
      "permalink": "/blog/tags/hello",
      "description": "Hello tag description"
    },
    {
      "inline": false,
      "label": "Docusaurus",
      "permalink": "/blog/tags/docusaurus",
      "description": "Docusaurus tag description"
    }
  ],
  "readingTime": 2.04,
  "hasTruncateMarker": true,
  "authors": [
    {
      "name": "Yangshun Tay",
      "title": "Ex-Meta Staff Engineer, Co-founder GreatFrontEnd",
      "url": "https://linkedin.com/in/yangshun",
      "page": {
        "permalink": "/blog/authors/yangshun"
      },
      "socials": {
        "x": "https://x.com/yangshunz",
        "linkedin": "https://www.linkedin.com/in/yangshun/",
        "github": "https://github.com/yangshun",
        "newsletter": "https://www.greatfrontend.com"
      },
      "imageURL": "https://github.com/yangshun.png",
      "key": "yangshun"
    }
  ],
  "frontMatter": {
    "slug": "long-blog-post",
    "title": "Long Blog Post",
    "authors": "yangshun",
    "tags": [
      "hello",
      "docusaurus"
    ]
  },
  "unlisted": false,
  "prevItem": {
    "title": "MDX Blog Post",
    "permalink": "/blog/mdx-blog-post"
  },
  "nextItem": {
    "title": "First Blog Post",
    "permalink": "/blog/first-blog-post"
  }
}