{
  "id": "perfiles/perfil-publico",
  "title": "Perfil Público",
  "description": "El perfil público es accesible sin necesidad de iniciar sesión y permite conocer información básica sobre la plataforma y las entidades que se encuentran registradas en ella.",
  "source": "@site/docs/perfiles/perfil-publico.md",
  "sourceDirName": "perfiles",
  "slug": "/perfiles/perfil-publico",
  "permalink": "/docs/perfiles/perfil-publico",
  "draft": false,
  "unlisted": false,
  "tags": [],
  "version": "current",
  "sidebarPosition": 1,
  "frontMatter": {
    "sidebar_position": 1,
    "title": "Perfil Público"
  },
  "sidebar": "manualUsuarioSidebar",
  "previous": {
    "title": "Tutorial Intro",
    "permalink": "/docs/intro"
  },
  "next": {
    "title": "Perfil de Empresa",
    "permalink": "/docs/perfiles/perfil-empresa"
  }
}