{
  "id": "funcionalidades/registro",
  "title": "Cómo Registrarse en EmpleaTec",
  "description": "Esta guía te mostrará paso a paso cómo crear tu cuenta en EmpleaTec, ya sea como graduado buscando empleo o como empresa buscando talento.",
  "source": "@site/docs/funcionalidades/registro.md",
  "sourceDirName": "funcionalidades",
  "slug": "/funcionalidades/registro",
  "permalink": "/docs/funcionalidades/registro",
  "draft": false,
  "unlisted": false,
  "tags": [],
  "version": "current",
  "frontMatter": {},
  "sidebar": "manualUsuarioSidebar",
  "previous": {
    "title": "Perfil de Usuario (Graduado)",
    "permalink": "/docs/perfiles/perfil-usuario"
  },
  "next": {
    "title": "Iniciar Sesión en EmpleaTec",
    "permalink": "/docs/funcionalidades/inicio-sesion"
  }
}