{
  "id": "perfiles/perfil-empresa",
  "title": "Perfil de Empresa",
  "description": "El perfil de empresa está diseñado para organizaciones que desean utilizar la plataforma para gestionar sus necesidades y conectar con usuarios calificados.",
  "source": "@site/docs/perfiles/perfil-empresa.md",
  "sourceDirName": "perfiles",
  "slug": "/perfiles/perfil-empresa",
  "permalink": "/docs/perfiles/perfil-empresa",
  "draft": false,
  "unlisted": false,
  "tags": [],
  "version": "current",
  "sidebarPosition": 2,
  "frontMatter": {
    "sidebar_position": 2,
    "title": "Perfil de Empresa"
  },
  "sidebar": "manualUsuarioSidebar",
  "previous": {
    "title": "Perfil Público",
    "permalink": "/docs/perfiles/perfil-publico"
  },
  "next": {
    "title": "Perfil de Usuario (Graduado)",
    "permalink": "/docs/perfiles/perfil-usuario"
  }
}