{
  "id": "tutorial-basics/create-a-page",
  "title": "Create a Page",
  "description": "Add Markdown or React files to src/pages to create a standalone page:",
  "source": "@site/docs/tutorial-basics/create-a-page.md",
  "sourceDirName": "tutorial-basics",
  "slug": "/tutorial-basics/create-a-page",
  "permalink": "/docs/tutorial-basics/create-a-page",
  "draft": false,
  "unlisted": false,
  "tags": [],
  "version": "current",
  "sidebarPosition": 1,
  "frontMatter": {
    "sidebar_position": 1
  },
  "sidebar": "tutorialSidebar",
  "previous": {
    "title": "Create a Blog Post",
    "permalink": "/docs/tutorial-basics/create-a-blog-post"
  },
  "next": {
    "title": "Markdown Features",
    "permalink": "/docs/tutorial-basics/markdown-features"
  }
}