{
  "id": "manual-tecnico/requisitos-acceso",
  "title": "Requisitos de Acceso",
  "description": "Para utilizar la plataforma de manera óptima y sin interrupciones, asegúrate de cumplir con los siguientes requisitos técnicos.",
  "source": "@site/docs/manual-tecnico/requisitos-acceso.md",
  "sourceDirName": "manual-tecnico",
  "slug": "/manual-tecnico/requisitos-acceso",
  "permalink": "/docs/manual-tecnico/requisitos-acceso",
  "draft": false,
  "unlisted": false,
  "tags": [],
  "version": "current",
  "sidebarPosition": 2,
  "frontMatter": {
    "sidebar_position": 2,
    "title": "Requisitos de Acceso"
  },
  "sidebar": "manualTecnicoSidebar",
  "previous": {
    "title": "Bienvenido a EmpleaTec",
    "permalink": "/docs/manual-tecnico/intro"
  },
  "next": {
    "title": "Ingreso al Sistema",
    "permalink": "/docs/manual-tecnico/ingreso-sistema"
  }
}