{
  "id": "funcionalidades/recuperar-contrasena",
  "title": "Recuperar Contraseña en EmpleaTec",
  "description": "Si olvidaste tu contraseña, no te preocupes. Esta guía te mostrará cómo recuperar el acceso a tu cuenta de forma segura.",
  "source": "@site/docs/funcionalidades/recuperar-contrasena.md",
  "sourceDirName": "funcionalidades",
  "slug": "/funcionalidades/recuperar-contrasena",
  "permalink": "/docs/funcionalidades/recuperar-contrasena",
  "draft": false,
  "unlisted": false,
  "editUrl": "https://github.com/facebook/docusaurus/tree/main/packages/create-docusaurus/templates/shared/docs/funcionalidades/recuperar-contrasena.md",
  "tags": [],
  "version": "current",
  "frontMatter": {},
  "sidebar": "tutorialSidebar",
  "previous": {
    "title": "Iniciar Sesión en EmpleaTec",
    "permalink": "/docs/funcionalidades/inicio-sesion"
  },
  "next": {
    "title": "Bienvenido a EmpleaTec",
    "permalink": "/docs/manual-tecnico/intro"
  }
}