{
  "id": "perfiles/perfil-usuario",
  "title": "Perfil de Usuario (Graduado)",
  "description": "El Perfil de Usuario es para graduados del Instituto Nelson Torres que buscan oportunidades laborales. Este perfil te permite postularte a ofertas, crear tu perfil profesional y ser encontrado por empresas.",
  "source": "@site/docs/perfiles/perfil-usuario.md",
  "sourceDirName": "perfiles",
  "slug": "/perfiles/perfil-usuario",
  "permalink": "/docs/perfiles/perfil-usuario",
  "draft": false,
  "unlisted": false,
  "tags": [],
  "version": "current",
  "frontMatter": {},
  "sidebar": "manualUsuarioSidebar",
  "previous": {
    "title": "Perfil de Empresa",
    "permalink": "/docs/perfiles/perfil-empresa"
  },
  "next": {
    "title": "Cómo Registrarse en EmpleaTec",
    "permalink": "/docs/funcionalidades/registro"
  }
}