{
  "id": "funcionalidades/inicio-sesion",
  "title": "Iniciar Sesión en EmpleaTec",
  "description": "Esta guía te mostrará cómo acceder a tu cuenta de EmpleaTec desde la plataforma web y la aplicación móvil.",
  "source": "@site/docs/funcionalidades/inicio-sesion.md",
  "sourceDirName": "funcionalidades",
  "slug": "/funcionalidades/inicio-sesion",
  "permalink": "/docs/funcionalidades/inicio-sesion",
  "draft": false,
  "unlisted": false,
  "tags": [],
  "version": "current",
  "frontMatter": {},
  "sidebar": "manualUsuarioSidebar",
  "previous": {
    "title": "Cómo Registrarse en EmpleaTec",
    "permalink": "/docs/funcionalidades/registro"
  },
  "next": {
    "title": "Recuperar Contraseña en EmpleaTec",
    "permalink": "/docs/funcionalidades/recuperar-contraseña"
  }
}