{
  "id": "Introduccion/intro",
  "title": "Bienvenido a EmpleaTec",
  "description": "¡Bienvenido al manual de usuario de EmpleaTec! Esta guía te ayudará a aprovechar al máximo nuestra plataforma de bolsa de empleo.",
  "source": "@site/docs/Introduccion/intro.md",
  "sourceDirName": "Introduccion",
  "slug": "/Introduccion/intro",
  "permalink": "/docs/Introduccion/intro",
  "draft": false,
  "unlisted": false,
  "tags": [],
  "version": "current",
  "frontMatter": {},
  "sidebar": "manualTecnicoSidebar",
  "next": {
    "title": "Requisitos de Acceso",
    "permalink": "/docs/Introduccion/requisitos-acceso"
  }
}