{
  "id": "funcionalidades/recuperar-contraseña",
  "title": "Recuperar Contraseña en EmpleaTec",
  "description": "Si olvidaste tu contraseña, no te preocupes. Esta guía te mostrará cómo recuperar el acceso a tu cuenta de forma segura.",
  "source": "@site/docs/funcionalidades/recuperar-contraseña.md",
  "sourceDirName": "funcionalidades",
  "slug": "/funcionalidades/recuperar-contraseña",
  "permalink": "/docs/funcionalidades/recuperar-contraseña",
  "draft": false,
  "unlisted": false,
  "tags": [],
  "version": "current",
  "frontMatter": {},
  "sidebar": "manualUsuarioSidebar",
  "previous": {
    "title": "Iniciar Sesión en EmpleaTec",
    "permalink": "/docs/funcionalidades/inicio-sesion"
  }
}