{
  "id": "Introduccion/ingreso-sistema",
  "title": "Ingreso al Sistema",
  "description": "Esta sección te guiará paso a paso para acceder a la plataforma y comenzar a utilizarla.",
  "source": "@site/docs/Introduccion/ingreso-sistema.md",
  "sourceDirName": "Introduccion",
  "slug": "/Introduccion/ingreso-sistema",
  "permalink": "/docs/Introduccion/ingreso-sistema",
  "draft": false,
  "unlisted": false,
  "tags": [],
  "version": "current",
  "sidebarPosition": 3,
  "frontMatter": {
    "sidebar_position": 3,
    "title": "Ingreso al Sistema"
  },
  "sidebar": "manualTecnicoSidebar",
  "previous": {
    "title": "Requisitos de Acceso",
    "permalink": "/docs/Introduccion/requisitos-acceso"
  }
}