{
  "id": "intro",
  "title": "Tutorial Intro",
  "description": "Let's discover Docusaurus in less than 5 minutes.",
  "source": "@site/docs/intro.md",
  "sourceDirName": ".",
  "slug": "/intro",
  "permalink": "/docs/intro",
  "draft": false,
  "unlisted": false,
  "tags": [],
  "version": "current",
  "sidebarPosition": 1,
  "frontMatter": {
    "sidebar_position": 1
  },
  "sidebar": "manualUsuarioSidebar",
  "next": {
    "title": "Perfil Público",
    "permalink": "/docs/perfiles/perfil-publico"
  }
}