{"version":{"pluginId":"default","version":"current","label":"Next","banner":null,"badge":false,"noIndex":false,"className":"docs-version-current","isLast":true,"docsSidebars":{"tutorialSidebar":[{"type":"link","href":"/docs/intro","label":"Tutorial Intro","docId":"intro","unlisted":false},{"type":"category","label":"Manual Técnico","collapsed":false,"items":[{"type":"link","href":"/docs/manual-tecnico/introduccion","label":"Introducción","docId":"manual-tecnico/introduccion","unlisted":false},{"type":"link","href":"/docs/manual-tecnico/requisitos","label":"Requisitos de Software","docId":"manual-tecnico/requisitos","unlisted":false},{"type":"link","href":"/docs/manual-tecnico/instalacion","label":"Manual de Instalación Local","docId":"manual-tecnico/instalacion","unlisted":false},{"type":"link","href":"/docs/manual-tecnico/arquitectura","label":"Arquitectura del Sistema","docId":"manual-tecnico/arquitectura","unlisted":false},{"type":"link","href":"/docs/manual-tecnico/conclusiones","label":"Conclusiones y Recomendaciones","docId":"manual-tecnico/conclusiones","unlisted":false},{"type":"link","href":"/docs/manual-tecnico/filezilla","label":"Despliegue con FileZilla","docId":"manual-tecnico/filezilla","unlisted":false}],"collapsible":true},{"type":"category","label":"Tutorial - Básicos","items":[{"type":"link","href":"/docs/tutorial-basics/create-a-page","label":"Create a Page","docId":"tutorial-basics/create-a-page","unlisted":false},{"type":"link","href":"/docs/tutorial-basics/create-a-document","label":"Create a Document","docId":"tutorial-basics/create-a-document","unlisted":false},{"type":"link","href":"/docs/tutorial-basics/create-a-blog-post","label":"Create a Blog Post","docId":"tutorial-basics/create-a-blog-post","unlisted":false},{"type":"link","href":"/docs/tutorial-basics/markdown-features","label":"Markdown Features","docId":"tutorial-basics/markdown-features","unlisted":false},{"type":"link","href":"/docs/tutorial-basics/deploy-your-site","label":"Deploy your site","docId":"tutorial-basics/deploy-your-site","unlisted":false},{"type":"link","href":"/docs/tutorial-basics/congratulations","label":"Congratulations!","docId":"tutorial-basics/congratulations","unlisted":false}],"collapsed":true,"collapsible":true},{"type":"category","label":"Tutorial - Extras","items":[{"type":"link","href":"/docs/tutorial-extras/manage-docs-versions","label":"Manage Docs Versions","docId":"tutorial-extras/manage-docs-versions","unlisted":false},{"type":"link","href":"/docs/tutorial-extras/translate-your-site","label":"Translate your site","docId":"tutorial-extras/translate-your-site","unlisted":false}],"collapsed":true,"collapsible":true}]},"docs":{"intro":{"id":"intro","title":"Tutorial Intro","description":"Let's discover Docusaurus in less than 5 minutes.","sidebar":"tutorialSidebar"},"manual-tecnico/arquitectura":{"id":"manual-tecnico/arquitectura","title":"Arquitectura del Sistema","description":"La arquitectura del proyecto EmpleaTec sigue un modelo basado en MVC (Modelo-Vista-Controlador) con una estructura modular que separa la lógica del negocio, la presentación y la gestión de datos.","sidebar":"tutorialSidebar"},"manual-tecnico/conclusiones":{"id":"manual-tecnico/conclusiones","title":"Conclusiones y Recomendaciones","description":"Conclusiones","sidebar":"tutorialSidebar"},"manual-tecnico/filezilla":{"id":"manual-tecnico/filezilla","title":"Despliegue con FileZilla","description":"Esta guía te enseñará cómo desplegar tu proyecto Docusaurus en un servidor usando FileZilla.","sidebar":"tutorialSidebar"},"manual-tecnico/instalacion":{"id":"manual-tecnico/instalacion","title":"Manual de Instalación Local","description":"Esta guía describe los pasos necesarios para instalar y configurar la plataforma EmpleaTec en un entorno local.","sidebar":"tutorialSidebar"},"manual-tecnico/introduccion":{"id":"manual-tecnico/introduccion","title":"Introducción","description":"Objetivo del Proyecto","sidebar":"tutorialSidebar"},"manual-tecnico/requisitos":{"id":"manual-tecnico/requisitos","title":"Requisitos de Software","description":"Para el correcto funcionamiento y desarrollo de la plataforma EmpleaTec, es necesario contar con los siguientes requisitos de software.","sidebar":"tutorialSidebar"},"tutorial-basics/congratulations":{"id":"tutorial-basics/congratulations","title":"Congratulations!","description":"You have just learned the basics of Docusaurus and made some changes to the initial template.","sidebar":"tutorialSidebar"},"tutorial-basics/create-a-blog-post":{"id":"tutorial-basics/create-a-blog-post","title":"Create a Blog Post","description":"Docusaurus creates a page for each blog post, but also a blog index page, a tag system, an RSS feed...","sidebar":"tutorialSidebar"},"tutorial-basics/create-a-document":{"id":"tutorial-basics/create-a-document","title":"Create a Document","description":"Documents are groups of pages connected through:","sidebar":"tutorialSidebar"},"tutorial-basics/create-a-page":{"id":"tutorial-basics/create-a-page","title":"Create a Page","description":"Add Markdown or React files to src/pages to create a standalone page:","sidebar":"tutorialSidebar"},"tutorial-basics/deploy-your-site":{"id":"tutorial-basics/deploy-your-site","title":"Deploy your site","description":"Docusaurus is a static-site-generator (also called Jamstack).","sidebar":"tutorialSidebar"},"tutorial-basics/markdown-features":{"id":"tutorial-basics/markdown-features","title":"Markdown Features","description":"Docusaurus supports Markdown and a few additional features.","sidebar":"tutorialSidebar"},"tutorial-extras/manage-docs-versions":{"id":"tutorial-extras/manage-docs-versions","title":"Manage Docs Versions","description":"Docusaurus can manage multiple versions of your docs.","sidebar":"tutorialSidebar"},"tutorial-extras/translate-your-site":{"id":"tutorial-extras/translate-your-site","title":"Translate your site","description":"Let's translate docs/intro.md to French.","sidebar":"tutorialSidebar"}}}}